{
    "('ROBERT', 'Q521969')": {
        "Hotlap Blackwood": [
            {
                "laptime": 82320,
                "splittimes": [
                    26640,
                    58510
                ]
            }
        ],
        "Notbremsung": [
            {
                "laptime": 55320,
                "splittimes": [
                    7070,
                    28470,
                    49390
                ],
                "brake_distances": [
                    23.53934259626169,
                    24.13466432143351,
                    24.586677968497767
                ],
                "speeds": [
                    81.91586837768556,
                    82.00605239868165,
                    83.23654174804688
                ]
            }
        ],
        "Ausweichen": [
            {
                "laptime": 52240,
                "splittimes": [
                    6410,
                    26060,
                    45420
                ],
                "speeds": [
                    88.28052291870118,
                    88.01433792114258,
                    94.62462615966797
                ]
            }
        ],
        "Driften": [
            {
                "laptime": 27780,
                "splittimes": [
                    11020,
                    16250,
                    23740
                ],
                "longest_time": 4.554121600000144,
                "longest_distance": 98.19042078181816,
                "highest_angle": 50.58228960667985,
                "total_dist": 348.66983869115313
            }
        ]
    },
    "('BARIS', 'Q667874')": {
        "\u00dcbersteuern": [
            {
                "laptime": 2049.1547000001447,
                "longest_distance": 25.97568667552517,
                "highest_angle": 47.3851900681169
            },
            {
                "laptime": 3309.836099999302,
                "longest_distance": 42.82846864606907,
                "highest_angle": 63.513513513513516
            }
        ],
        "Driften": [
            {
                "laptime": 33060,
                "splittimes": [
                    14840,
                    20760,
                    29090
                ],
                "longest_time": 2.7059363999997004,
                "longest_distance": 34.87184970948745,
                "highest_angle": 43.69918699186992,
                "total_dist": 86.57922651014904
            }
        ]
    }
}